-- 为测试用户生成简化的聊天记录
-- 用户1: 22491729 (video_receiver, 19887654321)
-- 用户2: 23820512 (video_caller, 19812342076)

-- 清理可能存在的旧数据
DELETE FROM messages WHERE (sender_id = 22491729 AND receiver_id = 23820512) OR (sender_id = 23820512 AND receiver_id = 22491729);

-- 插入聊天记录
INSERT INTO messages (sender_id, receiver_id, content, message_type, is_read, created_at) VALUES
(23820512, 22491729, '你好，很高兴认识你！', 'TEXT', true, '2024-01-15 10:30:00'),
(22491729, 23820512, '你好！我也很高兴认识你', 'TEXT', true, '2024-01-15 10:32:00'),
(23820512, 22491729, '看到你的照片，觉得你很漂亮', 'TEXT', true, '2024-01-15 10:35:00'),
(22491729, 23820512, '谢谢夸奖，你也很帅', 'TEXT', true, '2024-01-15 10:37:00'),
(23820512, 22491729, '今天天气不错，你在做什么呢？', 'TEXT', true, '2024-01-15 14:20:00'),
(22491729, 23820512, '在家休息，你呢？', 'TEXT', true, '2024-01-15 14:22:00'),
(23820512, 22491729, '我在工作，不过快下班了', 'TEXT', true, '2024-01-15 14:25:00'),
(22491729, 23820512, '辛苦了！下班后有什么安排吗？', 'TEXT', true, '2024-01-15 14:27:00'),
(23820512, 22491729, '下班了！准备去健身房', 'TEXT', true, '2024-01-15 18:30:00'),
(22491729, 23820512, '哇，好自律！我最近也想运动', 'TEXT', true, '2024-01-15 18:32:00'),
(23820512, 22491729, '要不要一起？我可以教你', 'TEXT', true, '2024-01-15 18:35:00'),
(22491729, 23820512, '真的吗？那太好了！', 'TEXT', true, '2024-01-15 18:37:00'),
(22491729, 23820512, '早上好！昨晚睡得好吗？', 'TEXT', true, '2024-01-16 08:15:00'),
(23820512, 22491729, '早上好！睡得不错，你呢？', 'TEXT', true, '2024-01-16 08:17:00'),
(22491729, 23820512, '我也很好，今天心情不错', 'TEXT', true, '2024-01-16 08:19:00'),
(23820512, 22491729, '工作忙吗？', 'TEXT', true, '2024-01-16 11:30:00'),
(22491729, 23820512, '还好，你呢？', 'TEXT', true, '2024-01-16 11:32:00'),
(23820512, 22491729, '有点忙，不过想到晚上能和你聊天就很开心', 'TEXT', true, '2024-01-16 11:35:00'),
(22491729, 23820512, '哈哈，我也是！', 'TEXT', true, '2024-01-16 11:37:00'),
(23820512, 22491729, '要不要视频聊天？', 'TEXT', true, '2024-01-16 20:00:00'),
(22491729, 23820512, '好的！', 'TEXT', true, '2024-01-16 20:01:00'),
(23820512, 22491729, '[视频通话]', 'VIDEO', true, '2024-01-16 20:05:00'),
(22491729, 23820512, '视频通话结束了，聊得很开心！', 'TEXT', true, '2024-01-16 21:30:00'),
(23820512, 22491729, '我也是！你比照片还漂亮', 'TEXT', true, '2024-01-16 21:32:00'),
(22491729, 23820512, '早上好！今天有什么计划吗？', 'TEXT', true, '2024-01-17 09:00:00'),
(23820512, 22491729, '[语音通话]', 'VOICE', true, '2024-01-17 09:05:00'),
(22491729, 23820512, '语音通话结束了，你的声音很好听', 'TEXT', true, '2024-01-17 09:15:00'),
(23820512, 22491729, '谢谢！你的声音也很甜', 'TEXT', true, '2024-01-17 09:17:00'),
(22491729, 23820512, '今天和朋友去逛街了', 'TEXT', true, '2024-01-17 15:30:00'),
(23820512, 22491729, '买了什么好东西吗？', 'TEXT', true, '2024-01-17 15:32:00'),
(22491729, 23820512, '买了几件衣服，还给你看照片', 'TEXT', true, '2024-01-17 15:35:00'),
(23820512, 22491729, '期待看到你的新衣服！', 'TEXT', true, '2024-01-17 15:37:00'),
(23820512, 22491729, '想了解你更多，你平时有什么爱好？', 'TEXT', true, '2024-01-18 19:00:00'),
(22491729, 23820512, '我喜欢看电影、听音乐，还有旅行', 'TEXT', true, '2024-01-18 19:02:00'),
(23820512, 22491729, '我也喜欢旅行！你去过哪些地方？', 'TEXT', true, '2024-01-18 19:05:00'),
(22491729, 23820512, '去过很多地方，最喜欢的是海边', 'TEXT', true, '2024-01-18 19:07:00'),
(23820512, 22491729, '我也喜欢海边！下次可以一起去', 'TEXT', true, '2024-01-18 19:10:00'),
(22491729, 23820512, '和你聊天总是很开心', 'TEXT', true, '2024-01-19 20:30:00'),
(23820512, 22491729, '我也是，感觉我们很合得来', 'TEXT', true, '2024-01-19 20:32:00'),
(22491729, 23820512, '是的，有种特别的感觉', 'TEXT', true, '2024-01-19 20:35:00'),
(23820512, 22491729, '我也是这么觉得的', 'TEXT', true, '2024-01-19 20:37:00'),
(23820512, 22491729, '今天工作怎么样？', 'TEXT', false, '2024-01-20 12:00:00'),
(22491729, 23820512, '还不错，你呢？', 'TEXT', true, '2024-01-20 12:05:00'),
(23820512, 22491729, '有点累，不过想到你就精神了', 'TEXT', false, '2024-01-20 12:10:00'),
(22491729, 23820512, '哈哈，你真会说话', 'TEXT', true, '2024-01-20 12:12:00'),
(23820512, 22491729, '晚上有空视频聊天吗？', 'TEXT', false, '2024-01-20 18:00:00');

-- 插入通话记录
INSERT INTO call_records (session_id, caller_id, callee_id, call_type, call_status, duration, price_per_min, total_cost, start_time, end_time, created_at) VALUES
('call_001_20240116', 23820512, 22491729, 'VIDEO', 'ENDED', 90, 2.00, 3.00, '2024-01-16 20:05:00', '2024-01-16 21:30:00', '2024-01-16 20:05:00'),
('call_002_20240117', 23820512, 22491729, 'VOICE', 'ENDED', 10, 1.00, 0.17, '2024-01-17 09:05:00', '2024-01-17 09:15:00', '2024-01-17 09:05:00');

-- 插入用户关系
INSERT INTO user_relationships (user_id, target_user_id, relationship_type, intimacy_score, created_at) VALUES
(23820512, 22491729, 'LIKE', 85, '2024-01-15 10:30:00'),
(22491729, 23820512, 'LIKE', 80, '2024-01-15 10:32:00');

-- 显示插入结果
SELECT 'Messages inserted successfully' as result;
SELECT COUNT(*) as message_count FROM messages WHERE (sender_id = 22491729 AND receiver_id = 23820512) OR (sender_id = 23820512 AND receiver_id = 22491729);
SELECT COUNT(*) as call_record_count FROM call_records WHERE (caller_id = 22491729 AND callee_id = 23820512) OR (caller_id = 23820512 AND callee_id = 22491729);
